{"cameraMode":{"drawMode":0,"name":"Shaded","section":"Shading Mode"},"sceneLighting":true,"audioPlay":false,"sceneViewState":{"m_AlwaysRefresh":false,"showFog":true,"showSkybox":true,"showFlares":true,"showImageEffects":true,"showParticleSystems":true,"showVisualEffectGraphs":true,"m_FxEnabled":true},"in2DMode":false,"pivot":{"x":810.7590942382813,"y":511.3638610839844,"z":-86.30750274658203},"rotation":{"x":0.005985685624182224,"y":-0.06894400715827942,"z":0.0004136688366997987,"w":0.9976022243499756},"size":620.3604736328125,"orthographic":true}